location_id,city,area,state
1,Pune,Baner,Maharashtra
2,Pune,Wakad,Maharashtra
3,Pune,Hinjewadi,Maharashtra
4,Pune,Kharadi,Maharashtra
5,Pune,Hadapsar,Maharashtra
6,Pune,Kothrud,Maharashtra
7,Pune,Viman Nagar,Maharashtra
8,Pune,Aundh,Maharashtra
9,Pune,Bavdhan,Maharashtra
10,Pune,Pimple Saudagar,Maharashtra
11,Pune,Pimpri,Maharashtra
12,Pune,Chinchwad,Maharashtra
13,Pune,Wagholi,Maharashtra
14,Pune,Undri,Maharashtra
15,Pune,NIBM Road,Maharashtra
16,Pune,Kondhwa,Maharashtra
17,Pune,Katraj,Maharashtra
18,Pune,Warje,Maharashtra
19,Pune,Sinhagad Road,Maharashtra
20,Pune,Hadapsar Industrial Estate,Maharashtra
21,Pune,Magarpatta,Maharashtra
22,Pune,Kalyani Nagar,Maharashtra
23,Pune,Yerawada,Maharashtra
24,Pune,Camp,Maharashtra
25,Pune,Deccan Gymkhana,Maharashtra
26,Pune,Shivaji Nagar,Maharashtra
27,Pune,Erandwane,Maharashtra
28,Pune,Balewadi,Maharashtra
29,Pune,Pashan,Maharashtra
30,Pune,Sus Road,Maharashtra
31,Pune,Bibwewadi,Maharashtra
32,Pune,Dhankawadi,Maharashtra
33,Pune,Ambegaon,Maharashtra
34,Pune,Wanwadi,Maharashtra
35,Pune,Fatima Nagar,Maharashtra
36,Pune,Kondhwa Budruk,Maharashtra
37,Pune,Manjri,Maharashtra
38,Pune,Handewadi,Maharashtra
39,Pune,Mundhwa,Maharashtra
40,Pune,Koregaon Park,Maharashtra
41,Pune,Bopodi,Maharashtra
42,Pune,Khadki,Maharashtra
43,Pune,Dapodi,Maharashtra
44,Pune,Ravet,Maharashtra
45,Pune,Tathawade,Maharashtra
46,Pune,Punawale,Maharashtra
47,Pune,Moshi,Maharashtra
48,Pune,Chikhli,Maharashtra
49,Pune,Talegaon,Maharashtra
50,Pune,Lonavala,Maharashtra
51,Pune,Alandi,Maharashtra
52,Pune,Sadashiv Peth,Maharashtra
53,Pune,Narayan Peth,Maharashtra
54,Pune,Model Colony,Maharashtra
55,Pune,Vishrantwadi,Maharashtra
56,Pune,Vadgaon Sheri,Maharashtra
57,Pune,Lohegaon,Maharashtra
58,Pune,Salunkhe Vihar,Maharashtra
59,Pune,Wanowrie,Maharashtra
60,Pune,Wadgaon Budruk,Maharashtra
61,Pune,Parvati,Maharashtra
62,Pune,Fursungi,Maharashtra
63,Pune,Uruli Kanchan,Maharashtra
64,Pune,Loni Kalbhor,Maharashtra
65,Pune,Chandan Nagar Pune,Maharashtra
66,Mumbai,Andheri,Maharashtra
67,Mumbai,Bandra,Maharashtra
68,Mumbai,Powai,Maharashtra
69,Mumbai,Borivali,Maharashtra
70,Mumbai,Lower Parel,Maharashtra
71,Mumbai,Malad,Maharashtra
72,Mumbai,Goregaon,Maharashtra
73,Mumbai,Chembur,Maharashtra
74,Mumbai,Dadar,Maharashtra
75,Mumbai,Kurla,Maharashtra
76,Mumbai,Juhu,Maharashtra
77,Mumbai,Santacruz,Maharashtra
78,Mumbai,Vile Parle,Maharashtra
79,Mumbai,Khar,Maharashtra
80,Mumbai,Worli,Maharashtra
81,Mumbai,Prabhadevi,Maharashtra
82,Mumbai,Colaba,Maharashtra
83,Mumbai,Fort,Maharashtra
84,Mumbai,Marine Lines,Maharashtra
85,Mumbai,Churchgate,Maharashtra
86,Mumbai,Byculla,Maharashtra
87,Mumbai,Mazgaon,Maharashtra
88,Mumbai,Sion,Maharashtra
89,Mumbai,Matunga,Maharashtra
90,Mumbai,Wadala,Maharashtra
91,Mumbai,Ghatkopar,Maharashtra
92,Mumbai,Vikhroli,Maharashtra
93,Mumbai,Bhandup,Maharashtra
94,Mumbai,Mulund,Maharashtra
95,Mumbai,Kandivali,Maharashtra
96,Mumbai,Jogeshwari,Maharashtra
97,Mumbai,Versova,Maharashtra
98,Mumbai,Oshiwara,Maharashtra
99,Mumbai,Four Bungalows,Maharashtra
100,Mumbai,Lokhandwala,Maharashtra
101,Mumbai,Andheri East,Maharashtra
102,Mumbai,Andheri West,Maharashtra
103,Mumbai,Bandra East,Maharashtra
104,Mumbai,Bandra West,Maharashtra
105,Mumbai,Kalina,Maharashtra
106,Mumbai,Chakala,Maharashtra
107,Mumbai,Marol,Maharashtra
108,Mumbai,Saki Naka,Maharashtra
109,Mumbai,Kanjurmarg,Maharashtra
110,Mumbai,Nahur,Maharashtra
111,Mumbai,Kalbadevi,Maharashtra
112,Mumbai,Girgaon,Maharashtra
113,Mumbai,Tardeo,Maharashtra
114,Mumbai,Mahim,Maharashtra
115,Mumbai,Dharavi,Maharashtra
116,Mumbai,Antop Hill,Maharashtra
117,Mumbai,Cotton Green,Maharashtra
118,Mumbai,Reay Road,Maharashtra
119,Mumbai,Cuffe Parade,Maharashtra
120,Mumbai,Nariman Point,Maharashtra
121,Mumbai,Malabar Hill,Maharashtra
122,Mumbai,Walkeshwar,Maharashtra
123,Mumbai,Breach Candy,Maharashtra
124,Mumbai,Peddar Road,Maharashtra
125,Mumbai,Gowalia Tank,Maharashtra
126,Mumbai,Grant Road,Maharashtra
127,Mumbai,Trombay,Maharashtra
128,Mumbai,Anushakti Nagar,Maharashtra
129,Mumbai,Ghatkopar East,Maharashtra
130,Mumbai,Ghatkopar West,Maharashtra
131,Mumbai,Vikhroli East,Maharashtra
132,Mumbai,Vikhroli West,Maharashtra
133,Mumbai,Bhandup East,Maharashtra
134,Mumbai,Bhandup West,Maharashtra
135,Mumbai,Mulund East,Maharashtra
136,Mumbai,Mulund West,Maharashtra
137,Navi Mumbai,Vashi,Maharashtra
138,Navi Mumbai,Nerul,Maharashtra
139,Navi Mumbai,Belapur,Maharashtra
140,Navi Mumbai,Kharghar,Maharashtra
141,Navi Mumbai,Panvel,Maharashtra
142,Navi Mumbai,Airoli,Maharashtra
143,Navi Mumbai,Ghansoli,Maharashtra
144,Navi Mumbai,Kopar Khairane,Maharashtra
145,Navi Mumbai,Sanpada,Maharashtra
146,Navi Mumbai,Turbhe,Maharashtra
147,Navi Mumbai,Rabale,Maharashtra
148,Navi Mumbai,Mahape,Maharashtra
149,Navi Mumbai,Taloja,Maharashtra
150,Navi Mumbai,Kalamboli,Maharashtra
151,Navi Mumbai,Kamothe,Maharashtra
152,Navi Mumbai,Ulwe,Maharashtra
153,Navi Mumbai,Dronagiri,Maharashtra
154,Navi Mumbai,New Panvel,Maharashtra
155,Navi Mumbai,Seawoods,Maharashtra
156,Navi Mumbai,CBD Belapur,Maharashtra
157,Navi Mumbai,Juinagar,Maharashtra
158,Navi Mumbai,Digha,Maharashtra
159,Navi Mumbai,Roadpali,Maharashtra
160,Navi Mumbai,Karanjade,Maharashtra
161,Navi Mumbai,Pushpak Nagar,Maharashtra
162,Navi Mumbai,Khanda Colony,Maharashtra
163,Navi Mumbai,Palm Beach Road,Maharashtra
164,Navi Mumbai,Kopri,Maharashtra
165,Navi Mumbai,Turbhe MIDC,Maharashtra
166,Navi Mumbai,Rabale MIDC,Maharashtra
167,Navi Mumbai,Mahape MIDC,Maharashtra
168,Navi Mumbai,Nerul West,Maharashtra
169,Navi Mumbai,Nerul East,Maharashtra
170,Navi Mumbai,Sanpada West,Maharashtra
171,Navi Mumbai,Belapur CBD,Maharashtra
172,Navi Mumbai,Kharghar Golf Course Road,Maharashtra
173,Navi Mumbai,Sector 17 Vashi,Maharashtra
174,Navi Mumbai,Sector 20 Kharghar,Maharashtra
175,Navi Mumbai,Sector 21 Kharghar,Maharashtra
176,Navi Mumbai,Sector 9 Kharghar,Maharashtra
177,Thane,Ghodbunder Road,Maharashtra
178,Thane,Majiwada,Maharashtra
179,Thane,Kolshet Road,Maharashtra
180,Thane,Manpada,Maharashtra
181,Thane,Hiranandani Estate,Maharashtra
182,Thane,Wagle Estate,Maharashtra
183,Thane,Naupada,Maharashtra
184,Thane,Panchpakhadi,Maharashtra
185,Thane,Kasarvadavali,Maharashtra
186,Thane,Balkum,Maharashtra
187,Thane,Vasant Vihar Thane,Maharashtra
188,Thane,Pokhran Road,Maharashtra
189,Thane,Brahmand,Maharashtra
190,Thane,Louisiwadi,Maharashtra
191,Thane,Kalwa,Maharashtra
192,Thane,Mumbra,Maharashtra
193,Thane,Diva,Maharashtra
194,Thane,Vartak Nagar,Maharashtra
195,Thane,Teen Hath Naka,Maharashtra
196,Thane,Khopat,Maharashtra
197,Thane,Rabodi,Maharashtra
198,Thane,Uthalsar,Maharashtra
199,Thane,Charai,Maharashtra
200,Thane,Owala,Maharashtra
201,Thane,Anand Nagar Thane,Maharashtra
202,Thane,Manorama Nagar,Maharashtra
203,Thane,Waghbil,Maharashtra
204,Thane,Patlipada,Maharashtra
205,Thane,Kavesar,Maharashtra
206,Thane,Majiwada Naka,Maharashtra
207,Thane,Thane West,Maharashtra
208,Thane,Thane East,Maharashtra
209,Thane,Shreenagar Thane,Maharashtra
210,Thane,Kopri Thane,Maharashtra
211,Thane,Naupada Thane,Maharashtra
212,Nashik,Gangapur Road,Maharashtra
213,Nashik,College Road,Maharashtra
214,Nashik,Panchavati,Maharashtra
215,Nashik,Nashik Road,Maharashtra
216,Nashik,Indira Nagar Nashik,Maharashtra
217,Nashik,Cidco,Maharashtra
218,Nashik,Satpur,Maharashtra
219,Nashik,Mumbai Naka,Maharashtra
220,Nashik,Deolali,Maharashtra
221,Nashik,Ambad,Maharashtra
222,Nashik,Dwarka Nashik,Maharashtra
223,Nashik,Nashik City,Maharashtra
224,Nashik,Sharanpur Road,Maharashtra
225,Nashik,Trimbak Road,Maharashtra
226,Nashik,Pathardi Phata,Maharashtra
227,Nashik,Hire Nagar,Maharashtra
228,Nashik,Wadala Road,Maharashtra
229,Nashik,Adgaon,Maharashtra
230,Nashik,Untwadi,Maharashtra
231,Nashik,Makhmalabad,Maharashtra
232,Nashik,Anandwalli,Maharashtra
233,Nashik,Rane Nagar,Maharashtra
234,Nashik,Govind Nagar,Maharashtra
235,Nashik,Panchak,Maharashtra
236,Nashik,Ozar,Maharashtra
237,Nashik,Trimbakeshwar,Maharashtra
238,Nashik,Nashik Pune Road,Maharashtra
239,Nashik,Jail Road,Maharashtra
240,Nashik,Canada Corner,Maharashtra
241,Nashik,Ashok Stambh,Maharashtra
242,Nagpur,Sitabuldi,Maharashtra
243,Nagpur,Dharampeth,Maharashtra
244,Nagpur,Sadar,Maharashtra
245,Nagpur,Civil Lines Nagpur,Maharashtra
246,Nagpur,Manish Nagar,Maharashtra
247,Nagpur,Ramdaspeth,Maharashtra
248,Nagpur,Wardha Road,Maharashtra
249,Nagpur,Hingna Road,Maharashtra
250,Nagpur,Amravati Road,Maharashtra
251,Nagpur,Trimurti Nagar,Maharashtra
252,Nagpur,Pratap Nagar Nagpur,Maharashtra
253,Nagpur,Wathoda,Maharashtra
254,Nagpur,Besa,Maharashtra
255,Nagpur,Manewada,Maharashtra
256,Nagpur,Hudkeshwar,Maharashtra
257,Nagpur,Somalwada,Maharashtra
258,Nagpur,Khamla,Maharashtra
259,Nagpur,Shankar Nagar,Maharashtra
260,Nagpur,Laxmi Nagar Nagpur,Maharashtra
261,Nagpur,Nandanvan,Maharashtra
262,Nagpur,Mahal,Maharashtra
263,Nagpur,Itwari,Maharashtra
264,Nagpur,Gandhibagh,Maharashtra
265,Nagpur,Sakkardara,Maharashtra
266,Nagpur,Jaripatka,Maharashtra
267,Nagpur,Kamptee Road,Maharashtra
268,Nagpur,Katol Road,Maharashtra
269,Nagpur,Chhaoni,Maharashtra
270,Nagpur,Ajni,Maharashtra
271,Nagpur,Seminary Hills,Maharashtra
272,Bengaluru,Whitefield,Karnataka
273,Bengaluru,Electronic City,Karnataka
274,Bengaluru,Koramangala,Karnataka
275,Bengaluru,Indiranagar,Karnataka
276,Bengaluru,Marathahalli,Karnataka
277,Bengaluru,HSR Layout,Karnataka
278,Bengaluru,Yelahanka,Karnataka
279,Bengaluru,Jayanagar,Karnataka
280,Bengaluru,JP Nagar,Karnataka
281,Bengaluru,Bannerghatta Road,Karnataka
282,Bengaluru,Sarjapur Road,Karnataka
283,Bengaluru,Bellandur,Karnataka
284,Bengaluru,Hebbal,Karnataka
285,Bengaluru,Malleshwaram,Karnataka
286,Bengaluru,Rajajinagar,Karnataka
287,Bengaluru,Basavanagudi,Karnataka
288,Bengaluru,BTM Layout,Karnataka
289,Bengaluru,Banashankari,Karnataka
290,Bengaluru,RT Nagar,Karnataka
291,Bengaluru,Ulsoor,Karnataka
292,Bengaluru,Domlur,Karnataka
293,Bengaluru,CV Raman Nagar,Karnataka
294,Bengaluru,KR Puram,Karnataka
295,Bengaluru,Hoodi,Karnataka
296,Bengaluru,Varthur,Karnataka
297,Bengaluru,Mahadevapura,Karnataka
298,Bengaluru,Bommanahalli,Karnataka
299,Bengaluru,Kengeri,Karnataka
300,Bengaluru,Vijayanagar Bengaluru,Karnataka
301,Bengaluru,RR Nagar,Karnataka
302,Bengaluru,Yelahanka New Town,Karnataka
303,Bengaluru,Hennur,Karnataka
304,Bengaluru,Kalyan Nagar,Karnataka
305,Bengaluru,Frazer Town,Karnataka
306,Bengaluru,Cooke Town,Karnataka
307,Bengaluru,Cox Town,Karnataka
308,Bengaluru,Richmond Town,Karnataka
309,Bengaluru,Shivaji Nagar Bengaluru,Karnataka
310,Bengaluru,Peenya,Karnataka
311,Bengaluru,Yeshwanthpur,Karnataka
312,Bengaluru,Nagarbhavi,Karnataka
313,Bengaluru,Vidyaranyapura,Karnataka
314,Bengaluru,Sahakara Nagar,Karnataka
315,Bengaluru,Sanjay Nagar Bengaluru,Karnataka
316,Bengaluru,Jalahalli,Karnataka
317,Bengaluru,Mathikere,Karnataka
318,Bengaluru,RMV Extension,Karnataka
319,Bengaluru,Padmanabhanagar,Karnataka
320,Bengaluru,Uttarahalli,Karnataka
321,Bengaluru,Konanakunte,Karnataka
322,Bengaluru,Anjanapura,Karnataka
323,Bengaluru,Begur,Karnataka
324,Bengaluru,Electronic City Phase 2,Karnataka
325,Bengaluru,Chandapura,Karnataka
326,Bengaluru,Attibele,Karnataka
327,Bengaluru,Devanahalli,Karnataka
328,Bengaluru,Doddaballapur Road,Karnataka
329,Bengaluru,Nallurahalli,Karnataka
330,Bengaluru,Brookefield,Karnataka
331,Bengaluru,Munnekollal,Karnataka
332,Hyderabad,Gachibowli,Telangana
333,Hyderabad,Madhapur,Telangana
334,Hyderabad,Kondapur,Telangana
335,Hyderabad,Hitech City,Telangana
336,Hyderabad,Kukatpally,Telangana
337,Hyderabad,Banjara Hills,Telangana
338,Hyderabad,Jubilee Hills,Telangana
339,Hyderabad,Miyapur,Telangana
340,Hyderabad,Kompally,Telangana
341,Hyderabad,Uppal,Telangana
342,Hyderabad,LB Nagar,Telangana
343,Hyderabad,Dilsukhnagar,Telangana
344,Hyderabad,Ameerpet,Telangana
345,Hyderabad,Begumpet,Telangana
346,Hyderabad,Secunderabad,Telangana
347,Hyderabad,Somajiguda,Telangana
348,Hyderabad,Manikonda,Telangana
349,Hyderabad,Nallagandla,Telangana
350,Hyderabad,Financial District,Telangana
351,Hyderabad,Gopanpally,Telangana
352,Hyderabad,Chandanagar,Telangana
353,Hyderabad,Attapur,Telangana
354,Hyderabad,Mehdipatnam,Telangana
355,Hyderabad,Tolichowki,Telangana
356,Hyderabad,Shamshabad,Telangana
357,Hyderabad,Kokapet,Telangana
358,Hyderabad,Nanakramguda,Telangana
359,Hyderabad,Tellapur,Telangana
360,Hyderabad,Nizampet,Telangana
361,Hyderabad,Bachupally,Telangana
362,Hyderabad,Alwal,Telangana
363,Hyderabad,Sainikpuri,Telangana
364,Hyderabad,ECIL,Telangana
365,Hyderabad,Malkajgiri,Telangana
366,Hyderabad,Habsiguda,Telangana
367,Hyderabad,Tarnaka,Telangana
368,Hyderabad,Old Bowenpally,Telangana
369,Hyderabad,Vanasthalipuram,Telangana
370,Hyderabad,Nagole,Telangana
371,Hyderabad,Chaitanyapuri,Telangana
372,Hyderabad,Moosapet,Telangana
373,Hyderabad,Balanagar,Telangana
374,Hyderabad,Erragadda,Telangana
375,Hyderabad,SR Nagar,Telangana
376,Hyderabad,Punjagutta,Telangana
377,Hyderabad,Himayatnagar,Telangana
378,Hyderabad,Abids,Telangana
379,Hyderabad,Koti,Telangana
380,Hyderabad,Charminar,Telangana
381,Hyderabad,Falaknuma,Telangana
382,Hyderabad,Yousufguda,Telangana
383,Hyderabad,Sanathnagar,Telangana
384,Hyderabad,Borabanda,Telangana
385,Hyderabad,Kothaguda,Telangana
386,Hyderabad,Serilingampally,Telangana
387,Hyderabad,Miyapur X Roads,Telangana
388,Hyderabad,Financial District Extension,Telangana
389,Hyderabad,Narsingi,Telangana
390,Chennai,Adyar,Tamil Nadu
391,Chennai,T Nagar,Tamil Nadu
392,Chennai,Anna Nagar,Tamil Nadu
393,Chennai,Velachery,Tamil Nadu
394,Chennai,Porur,Tamil Nadu
395,Chennai,OMR,Tamil Nadu
396,Chennai,Tambaram,Tamil Nadu
397,Chennai,Nungambakkam,Tamil Nadu
398,Chennai,Mylapore,Tamil Nadu
399,Chennai,Besant Nagar,Tamil Nadu
400,Chennai,Guindy,Tamil Nadu
401,Chennai,Ashok Nagar Chennai,Tamil Nadu
402,Chennai,Kilpauk,Tamil Nadu
403,Chennai,Egmore,Tamil Nadu
404,Chennai,Chromepet,Tamil Nadu
405,Chennai,Pallavaram,Tamil Nadu
406,Chennai,Sholinganallur,Tamil Nadu
407,Chennai,Perungudi,Tamil Nadu
408,Chennai,Thoraipakkam,Tamil Nadu
409,Chennai,Navalur,Tamil Nadu
410,Chennai,Siruseri,Tamil Nadu
411,Chennai,Medavakkam,Tamil Nadu
412,Chennai,Madipakkam,Tamil Nadu
413,Chennai,Kolathur,Tamil Nadu
414,Chennai,Villivakkam,Tamil Nadu
415,Chennai,Perambur,Tamil Nadu
416,Chennai,Purasawalkam,Tamil Nadu
417,Chennai,Royapettah,Tamil Nadu
418,Chennai,Alwarpet,Tamil Nadu
419,Chennai,Teynampet,Tamil Nadu
420,Chennai,RA Puram,Tamil Nadu
421,Chennai,Mandaveli,Tamil Nadu
422,Chennai,Triplicane,Tamil Nadu
423,Chennai,Vadapalani,Tamil Nadu
424,Chennai,Ekkatuthangal,Tamil Nadu
425,Chennai,Koyambedu,Tamil Nadu
426,Chennai,Ambattur,Tamil Nadu
427,Chennai,Avadi,Tamil Nadu
428,Chennai,Poonamallee,Tamil Nadu
429,Chennai,Thiruvanmiyur,Tamil Nadu
430,Chennai,Injambakkam,Tamil Nadu
431,Chennai,Neelankarai,Tamil Nadu
432,Chennai,Kelambakkam,Tamil Nadu
433,Chennai,Padur,Tamil Nadu
434,Chennai,Kundrathur,Tamil Nadu
435,Chennai,Mogappair,Tamil Nadu
436,Chennai,Nolambur,Tamil Nadu
437,Chennai,Iyyappanthangal,Tamil Nadu
438,Chennai,Manapakkam,Tamil Nadu
439,Chennai,Ramapuram,Tamil Nadu
440,Chennai,Alandur,Tamil Nadu
441,Chennai,Meenambakkam,Tamil Nadu
442,Chennai,St Thomas Mount,Tamil Nadu
443,Chennai,Choolaimedu,Tamil Nadu
444,Chennai,Aminjikarai,Tamil Nadu
445,Chennai,KK Nagar,Tamil Nadu
446,Chennai,Semmancheri,Tamil Nadu
447,Chennai,Karapakkam,Tamil Nadu
448,Chennai,Sithalapakkam,Tamil Nadu
449,Chennai,Kovilambakkam,Tamil Nadu
450,Delhi,Connaught Place,Delhi
451,Delhi,Karol Bagh,Delhi
452,Delhi,Dwarka,Delhi
453,Delhi,Rohini,Delhi
454,Delhi,Saket,Delhi
455,Delhi,Vasant Kunj,Delhi
456,Delhi,Lajpat Nagar,Delhi
457,Delhi,Janakpuri,Delhi
458,Delhi,Pitampura,Delhi
459,Delhi,Rajouri Garden,Delhi
460,Delhi,Hauz Khas,Delhi
461,Delhi,Greater Kailash,Delhi
462,Delhi,Chanakyapuri,Delhi
463,Delhi,Mayur Vihar,Delhi
464,Delhi,Preet Vihar,Delhi
465,Delhi,Laxmi Nagar,Delhi
466,Delhi,Shahdara,Delhi
467,Delhi,Yamuna Vihar,Delhi
468,Delhi,Model Town,Delhi
469,Delhi,Civil Lines Delhi,Delhi
470,Delhi,Paharganj,Delhi
471,Delhi,Nehru Place,Delhi
472,Delhi,Malviya Nagar Delhi,Delhi
473,Delhi,Green Park,Delhi
474,Delhi,Vasant Vihar Delhi,Delhi
475,Delhi,Munirka,Delhi
476,Delhi,RK Puram,Delhi
477,Delhi,Safdarjung Enclave,Delhi
478,Delhi,Defence Colony,Delhi
479,Delhi,Kalkaji,Delhi
480,Delhi,Okhla,Delhi
481,Delhi,Jamia Nagar,Delhi
482,Delhi,Ashram,Delhi
483,Delhi,Mayapuri,Delhi
484,Delhi,Tilak Nagar Delhi,Delhi
485,Delhi,Uttam Nagar,Delhi
486,Delhi,Vikaspuri,Delhi
487,Delhi,Punjabi Bagh,Delhi
488,Delhi,Paschim Vihar,Delhi
489,Delhi,Shalimar Bagh,Delhi
490,Delhi,Ashok Vihar,Delhi
491,Delhi,Kirti Nagar,Delhi
492,Delhi,Moti Nagar,Delhi
493,Delhi,Rani Bagh,Delhi
494,Delhi,Adarsh Nagar Delhi,Delhi
495,Delhi,Sarai Rohilla,Delhi
496,Delhi,Sadar Bazaar,Delhi
497,Delhi,Chandni Chowk,Delhi
498,Delhi,Daryaganj,Delhi
499,Delhi,ITO,Delhi
500,Delhi,Mandi House,Delhi
501,Delhi,Barakhamba Road,Delhi
502,Delhi,Patel Nagar,Delhi
503,Delhi,Naraina,Delhi
504,Delhi,Kamla Nagar,Delhi
505,Delhi,Gulmohar Park,Delhi
506,Delhi,Panchsheel Park,Delhi
507,Delhi,Sarojini Nagar,Delhi
508,Delhi,Chattarpur,Delhi
509,Delhi,Sultanpur Delhi,Delhi
510,Delhi,Mehrauli,Delhi
511,Delhi,Rohini Sector 24,Delhi
512,Delhi,Dwarka Sector 12,Delhi
513,Delhi,Vasant Kunj Sector D,Delhi
514,Delhi,Rajouri Garden Extension,Delhi
515,Delhi,Pitampura Extension,Delhi
516,Noida,Sector 18,Uttar Pradesh
517,Noida,Sector 62,Uttar Pradesh
518,Noida,Sector 137,Uttar Pradesh
519,Noida,Sector 150,Uttar Pradesh
520,Noida,Sector 15,Uttar Pradesh
521,Noida,Sector 50,Uttar Pradesh
522,Noida,Sector 51,Uttar Pradesh
523,Noida,Sector 76,Uttar Pradesh
524,Noida,Sector 78,Uttar Pradesh
525,Noida,Sector 100,Uttar Pradesh
526,Noida,Sector 128,Uttar Pradesh
527,Noida,Sector 44,Uttar Pradesh
528,Noida,Sector 93,Uttar Pradesh
529,Noida,Sector 61,Uttar Pradesh
530,Noida,Sector 63,Uttar Pradesh
531,Noida,Sector 74,Uttar Pradesh
532,Noida,Sector 75,Uttar Pradesh
533,Noida,Sector 122,Uttar Pradesh
534,Noida,Sector 143,Uttar Pradesh
535,Noida,Sector 16,Uttar Pradesh
536,Noida,Sector 27,Uttar Pradesh
537,Noida,Sector 37,Uttar Pradesh
538,Noida,Sector 41,Uttar Pradesh
539,Noida,Sector 47,Uttar Pradesh
540,Noida,Sector 52,Uttar Pradesh
541,Noida,Sector 70,Uttar Pradesh
542,Noida,Sector 71,Uttar Pradesh
543,Noida,Sector 73,Uttar Pradesh
544,Noida,Sector 82,Uttar Pradesh
545,Noida,Sector 110,Uttar Pradesh
546,Noida,Sector 118,Uttar Pradesh
547,Noida,Sector 125,Uttar Pradesh
548,Noida,Sector 135,Uttar Pradesh
549,Noida,Sector 168,Uttar Pradesh
550,Noida,Greater Noida West,Uttar Pradesh
551,Noida,Alpha 1,Uttar Pradesh
552,Noida,Beta 2,Uttar Pradesh
553,Noida,Gamma 1,Uttar Pradesh
554,Noida,Pari Chowk,Uttar Pradesh
555,Noida,Knowledge Park,Uttar Pradesh
556,Gurugram,DLF Phase 1,Haryana
557,Gurugram,DLF Phase 2,Haryana
558,Gurugram,DLF Phase 3,Haryana
559,Gurugram,DLF Phase 4,Haryana
560,Gurugram,DLF Phase 5,Haryana
561,Gurugram,Cyber City,Haryana
562,Gurugram,Golf Course Road,Haryana
563,Gurugram,Golf Course Extension Road,Haryana
564,Gurugram,Sohna Road,Haryana
565,Gurugram,MG Road Gurugram,Haryana
566,Gurugram,Sushant Lok,Haryana
567,Gurugram,Sector 14 Gurugram,Haryana
568,Gurugram,Sector 15 Gurugram,Haryana
569,Gurugram,Sector 29 Gurugram,Haryana
570,Gurugram,Sector 43 Gurugram,Haryana
571,Gurugram,Sector 47 Gurugram,Haryana
572,Gurugram,Sector 49 Gurugram,Haryana
573,Gurugram,Sector 56 Gurugram,Haryana
574,Gurugram,Sector 57 Gurugram,Haryana
575,Gurugram,Sector 65 Gurugram,Haryana
576,Gurugram,Sector 66 Gurugram,Haryana
577,Gurugram,Sector 67 Gurugram,Haryana
578,Gurugram,Sector 70 Gurugram,Haryana
579,Gurugram,Sector 82 Gurugram,Haryana
580,Gurugram,Sector 83 Gurugram,Haryana
581,Gurugram,Sector 84 Gurugram,Haryana
582,Gurugram,Sector 92 Gurugram,Haryana
583,Gurugram,Sector 102 Gurugram,Haryana
584,Gurugram,Palam Vihar,Haryana
585,Gurugram,Manesar,Haryana
586,Gurugram,Udyog Vihar,Haryana
587,Gurugram,South City 1,Haryana
588,Gurugram,South City 2,Haryana
589,Gurugram,Nirvana Country,Haryana
590,Gurugram,Malibu Town,Haryana
591,Gurugram,Ardee City,Haryana
592,Gurugram,Vatika City,Haryana
593,Gurugram,Sector 109 Gurugram,Haryana
594,Gurugram,Sector 113 Gurugram,Haryana
595,Gurugram,New Colony Gurugram,Haryana
596,Ahmedabad,Satellite,Gujarat
597,Ahmedabad,Bodakdev,Gujarat
598,Ahmedabad,Vastrapur,Gujarat
599,Ahmedabad,Prahlad Nagar,Gujarat
600,Ahmedabad,SG Highway,Gujarat
601,Ahmedabad,Navrangpura,Gujarat
602,Ahmedabad,Maninagar,Gujarat
603,Ahmedabad,Naranpura,Gujarat
604,Ahmedabad,Paldi,Gujarat
605,Ahmedabad,Bopal,Gujarat
606,Ahmedabad,South Bopal,Gujarat
607,Ahmedabad,Thaltej,Gujarat
608,Ahmedabad,Gota,Gujarat
609,Ahmedabad,Chandkheda,Gujarat
610,Ahmedabad,Motera,Gujarat
611,Ahmedabad,Sabarmati,Gujarat
612,Ahmedabad,Ellisbridge,Gujarat
613,Ahmedabad,Vejalpur,Gujarat
614,Ahmedabad,Jodhpur Ahmedabad,Gujarat
615,Ahmedabad,Ambawadi,Gujarat
616,Ahmedabad,Shahibaug,Gujarat
617,Ahmedabad,Naroda,Gujarat
618,Ahmedabad,Nikol,Gujarat
619,Ahmedabad,Vastral,Gujarat
620,Ahmedabad,Ghatlodia,Gujarat
621,Ahmedabad,Ranip,Gujarat
622,Ahmedabad,Isanpur,Gujarat
623,Ahmedabad,Vatva,Gujarat
624,Ahmedabad,Odhav,Gujarat
625,Ahmedabad,Nava Vadaj,Gujarat
626,Ahmedabad,Memnagar,Gujarat
627,Ahmedabad,Usmanpura,Gujarat
628,Ahmedabad,CG Road,Gujarat
629,Ahmedabad,Ashram Road,Gujarat
630,Ahmedabad,Judges Bungalow Road,Gujarat
631,Ahmedabad,Science City Road,Gujarat
632,Ahmedabad,Sindhu Bhavan Road,Gujarat
633,Ahmedabad,South Bopal Extension,Gujarat
634,Ahmedabad,Sarkhej,Gujarat
635,Ahmedabad,Makarba,Gujarat
636,Ahmedabad,Shela,Gujarat
637,Ahmedabad,Bavla,Gujarat
638,Ahmedabad,Sanand,Gujarat
639,Ahmedabad,Vaishnodevi Circle,Gujarat
640,Ahmedabad,Kalol Road,Gujarat
641,Surat,Adajan,Gujarat
642,Surat,Vesu,Gujarat
643,Surat,Piplod,Gujarat
644,Surat,Athwa,Gujarat
645,Surat,City Light,Gujarat
646,Surat,Ghod Dod Road,Gujarat
647,Surat,Katargam,Gujarat
648,Surat,Varachha,Gujarat
649,Surat,Udhna,Gujarat
650,Surat,Pal,Gujarat
651,Surat,Rander,Gujarat
652,Surat,Bhatar,Gujarat
653,Surat,Althan,Gujarat
654,Surat,Dumas Road,Gujarat
655,Surat,Nanpura,Gujarat
656,Surat,Ring Road Surat,Gujarat
657,Surat,Sarthana,Gujarat
658,Surat,Puna,Gujarat
659,Surat,Magob,Gujarat
660,Surat,Palanpur Surat,Gujarat
661,Surat,Vastadevdi,Gujarat
662,Surat,Anand Mahal Road,Gujarat
663,Surat,Parle Point,Gujarat
664,Surat,Jahangirpura,Gujarat
665,Surat,Bhesan,Gujarat
666,Surat,Dindoli,Gujarat
667,Surat,Simada,Gujarat
668,Surat,New City Light,Gujarat
669,Surat,Amroli,Gujarat
670,Surat,Godadara,Gujarat
671,Surat,Kosad,Gujarat
672,Surat,Sachin,Gujarat
673,Surat,Kadodara,Gujarat
674,Surat,Vapi Road Surat,Gujarat
675,Surat,Majura Gate,Gujarat
676,Jaipur,Malviya Nagar Jaipur,Rajasthan
677,Jaipur,Vaishali Nagar,Rajasthan
678,Jaipur,C Scheme,Rajasthan
679,Jaipur,Mansarovar,Rajasthan
680,Jaipur,Raja Park,Rajasthan
681,Jaipur,Bani Park,Rajasthan
682,Jaipur,Tonk Road,Rajasthan
683,Jaipur,Jagatpura,Rajasthan
684,Jaipur,Jhotwara,Rajasthan
685,Jaipur,Sanganer,Rajasthan
686,Jaipur,Vidhyadhar Nagar,Rajasthan
687,Jaipur,Civil Lines Jaipur,Rajasthan
688,Jaipur,Ajmer Road,Rajasthan
689,Jaipur,Sitapura,Rajasthan
690,Jaipur,Pratap Nagar Jaipur,Rajasthan
691,Jaipur,Shastri Nagar Jaipur,Rajasthan
692,Jaipur,Sodala,Rajasthan
693,Jaipur,Durgapura,Rajasthan
694,Jaipur,Gopalpura Bypass,Rajasthan
695,Jaipur,Amer Road,Rajasthan
696,Jaipur,Chomu House Road,Rajasthan
697,Jaipur,Jawahar Circle,Rajasthan
698,Jaipur,Bapu Nagar,Rajasthan
699,Jaipur,Adarsh Nagar Jaipur,Rajasthan
700,Jaipur,Barkat Nagar,Rajasthan
701,Jaipur,Jhalana,Rajasthan
702,Jaipur,Lalarpura,Rajasthan
703,Jaipur,Ghat Gate,Rajasthan
704,Jaipur,Chandpole,Rajasthan
705,Jaipur,MI Road,Rajasthan
706,Jaipur,Nirman Nagar,Rajasthan
707,Jaipur,Muralipura,Rajasthan
708,Jaipur,Shyam Nagar Jaipur,Rajasthan
709,Jaipur,Kalwar Road,Rajasthan
710,Jaipur,Achrol,Rajasthan
711,Jaipur,Vatika Jaipur,Rajasthan
712,Jaipur,Mahesh Nagar,Rajasthan
713,Jaipur,Khatipura,Rajasthan
714,Jaipur,Agra Road,Rajasthan
715,Jaipur,Sikar Road,Rajasthan
716,Jaipur,Jagatpura Extension,Rajasthan
717,Indore,Vijay Nagar,Madhya Pradesh
718,Indore,Palasia,Madhya Pradesh
719,Indore,Bhawarkuan,Madhya Pradesh
720,Indore,Rajwada,Madhya Pradesh
721,Indore,Sudama Nagar,Madhya Pradesh
722,Indore,MG Road Indore,Madhya Pradesh
723,Indore,Race Course Road,Madhya Pradesh
724,Indore,AB Road,Madhya Pradesh
725,Indore,Scheme 78,Madhya Pradesh
726,Indore,Scheme 54,Madhya Pradesh
727,Indore,Rau,Madhya Pradesh
728,Indore,Bengali Square,Madhya Pradesh
729,Indore,Sapna Sangeeta Road,Madhya Pradesh
730,Indore,Nipania,Madhya Pradesh
731,Indore,Khajrana,Madhya Pradesh
732,Indore,Annapurna Road,Madhya Pradesh
733,Indore,Old Palasia,Madhya Pradesh
734,Indore,New Palasia,Madhya Pradesh
735,Indore,LIG Colony,Madhya Pradesh
736,Indore,Geeta Bhawan,Madhya Pradesh
737,Indore,Musakhedi,Madhya Pradesh
738,Indore,Sukhliya,Madhya Pradesh
739,Indore,Chandan Nagar Indore,Madhya Pradesh
740,Indore,Kanadia Road,Madhya Pradesh
741,Indore,Silicon City,Madhya Pradesh
742,Indore,Pipliyahana,Madhya Pradesh
743,Indore,Vijay Nagar Square,Madhya Pradesh
744,Indore,Tilak Nagar Indore,Madhya Pradesh
745,Indore,Sirpur Road,Madhya Pradesh
746,Indore,Ring Road Indore,Madhya Pradesh
747,Indore,Bicholi Mardana,Madhya Pradesh
748,Indore,Super Corridor,Madhya Pradesh
749,Indore,Dewas Naka,Madhya Pradesh
750,Kochi,Kakkanad,Kerala
751,Kochi,Edappally,Kerala
752,Kochi,Vyttila,Kerala
753,Kochi,Kaloor,Kerala
754,Kochi,Marine Drive,Kerala
755,Kochi,Fort Kochi,Kerala
756,Kochi,Panampilly Nagar,Kerala
757,Kochi,Palarivattom,Kerala
758,Kochi,Thrikkakara,Kerala
759,Kochi,Aluva,Kerala
760,Kochi,Tripunithura,Kerala
761,Kochi,Elamkulam,Kerala
762,Kochi,Ravipuram,Kerala
763,Kochi,MG Road Kochi,Kerala
764,Kochi,Willingdon Island,Kerala
765,Kochi,Thevara,Kerala
766,Kochi,Kadavanthra,Kerala
767,Kochi,Chittoor Road,Kerala
768,Kochi,Infopark Kochi,Kerala
769,Kochi,Cheranalloor,Kerala
770,Kochi,Eroor,Kerala
771,Kochi,Vazhakkala,Kerala
772,Kochi,Thammanam,Kerala
773,Kochi,Ponekkara,Kerala
774,Kochi,Kunnumpuram,Kerala
775,Kochi,Angamaly,Kerala
776,Kochi,Perumbavoor,Kerala
777,Kochi,Kalady,Kerala
778,Kolkata,Salt Lake,West Bengal
779,Kolkata,New Town,West Bengal
780,Kolkata,Park Street,West Bengal
781,Kolkata,Ballygunge,West Bengal
782,Kolkata,Alipore,West Bengal
783,Kolkata,Behala,West Bengal
784,Kolkata,Howrah,West Bengal
785,Kolkata,Garia,West Bengal
786,Kolkata,Rajarhat,West Bengal
787,Kolkata,Dumdum,West Bengal
788,Kolkata,Jadavpur,West Bengal
789,Kolkata,Tollygunge,West Bengal
790,Kolkata,Gariahat,West Bengal
791,Kolkata,Esplanade,West Bengal
792,Kolkata,Sealdah,West Bengal
793,Kolkata,Shyambazar,West Bengal
794,Kolkata,Baguiati,West Bengal
795,Kolkata,Kestopur,West Bengal
796,Kolkata,Lake Town,West Bengal
797,Kolkata,Barasat,West Bengal
798,Kolkata,Barrackpore,West Bengal
799,Kolkata,Kasba,West Bengal
800,Kolkata,EM Bypass,West Bengal
801,Kolkata,Beleghata,West Bengal
802,Kolkata,Entally,West Bengal
803,Kolkata,Bhowanipore,West Bengal
804,Kolkata,Bidhannagar,West Bengal
805,Kolkata,Chinar Park,West Bengal
806,Kolkata,Narendrapur,West Bengal
807,Kolkata,Sonarpur,West Bengal
808,Kolkata,Baranagar,West Bengal
809,Kolkata,Dunlop,West Bengal
810,Kolkata,Cossipore,West Bengal
811,Kolkata,Manicktala,West Bengal
812,Kolkata,Ultadanga,West Bengal
813,Kolkata,Topsia,West Bengal
814,Kolkata,Tangra,West Bengal
815,Kolkata,Chetla,West Bengal
816,Kolkata,Kalighat,West Bengal
817,Kolkata,Rashbehari,West Bengal
818,Kolkata,Lansdowne,West Bengal
819,Kolkata,Elgin Road,West Bengal
820,Kolkata,Southern Avenue,West Bengal
821,Kolkata,Jodhpur Park,West Bengal
822,Kolkata,Ballygunge Circular Road,West Bengal
823,Kolkata,Prince Anwar Shah Road,West Bengal
824,Kolkata,Golpark,West Bengal
825,Kolkata,Deshapriya Park,West Bengal
826,Kolkata,Nagerbazar,West Bengal
827,Kolkata,Behala Chowrasta,West Bengal
828,Kolkata,Joka,West Bengal
829,Kolkata,Thakurpukur,West Bengal
830,Kolkata,Garia Station Road,West Bengal
831,Kolkata,Baruipur,West Bengal
832,Lucknow,Gomti Nagar,Uttar Pradesh
833,Lucknow,Hazratganj,Uttar Pradesh
834,Lucknow,Aliganj,Uttar Pradesh
835,Lucknow,Indira Nagar Lucknow,Uttar Pradesh
836,Lucknow,Alambagh,Uttar Pradesh
837,Lucknow,Chowk,Uttar Pradesh
838,Lucknow,Aminabad,Uttar Pradesh
839,Lucknow,Mahanagar,Uttar Pradesh
840,Lucknow,Rajajipuram,Uttar Pradesh
841,Lucknow,Jankipuram,Uttar Pradesh
842,Lucknow,Vikas Nagar Lucknow,Uttar Pradesh
843,Lucknow,Vibhuti Khand,Uttar Pradesh
844,Lucknow,Vijay Khand,Uttar Pradesh
845,Lucknow,Ashiyana,Uttar Pradesh
846,Lucknow,Sitapur Road,Uttar Pradesh
847,Lucknow,Kanpur Road,Uttar Pradesh
848,Lucknow,Faizabad Road,Uttar Pradesh
849,Lucknow,Sushant Golf City,Uttar Pradesh
850,Lucknow,Chinhat,Uttar Pradesh
851,Lucknow,Kursi Road,Uttar Pradesh
852,Lucknow,Telibagh,Uttar Pradesh
853,Lucknow,Kaiserbagh,Uttar Pradesh
854,Lucknow,Charbagh,Uttar Pradesh
855,Lucknow,Vishal Khand,Uttar Pradesh
856,Lucknow,Gomti Nagar Extension,Uttar Pradesh
857,Lucknow,Nirala Nagar,Uttar Pradesh
858,Lucknow,Ashok Marg,Uttar Pradesh
859,Lucknow,Cantt Lucknow,Uttar Pradesh
860,Lucknow,Wazirganj,Uttar Pradesh
861,Lucknow,Naka Hindola,Uttar Pradesh
862,Lucknow,Butler Colony,Uttar Pradesh
863,Lucknow,Husainganj,Uttar Pradesh
864,Lucknow,Amausi,Uttar Pradesh
865,Lucknow,Transport Nagar Lucknow,Uttar Pradesh
866,Lucknow,Shaheed Path,Uttar Pradesh
867,Chandigarh,Sector 17,Chandigarh
868,Chandigarh,Sector 22,Chandigarh
869,Chandigarh,Sector 35,Chandigarh
870,Chandigarh,Sector 43,Chandigarh
871,Chandigarh,Sector 8,Chandigarh
872,Chandigarh,Sector 9,Chandigarh
873,Chandigarh,Sector 10,Chandigarh
874,Chandigarh,Sector 11,Chandigarh
875,Chandigarh,Sector 15,Chandigarh
876,Chandigarh,Sector 16,Chandigarh
877,Chandigarh,Sector 18,Chandigarh
878,Chandigarh,Sector 19,Chandigarh
879,Chandigarh,Sector 20,Chandigarh
880,Chandigarh,Sector 21,Chandigarh
881,Chandigarh,Sector 26,Chandigarh
882,Chandigarh,Sector 27,Chandigarh
883,Chandigarh,Sector 28,Chandigarh
884,Chandigarh,Sector 32,Chandigarh
885,Chandigarh,Sector 33,Chandigarh
886,Chandigarh,Sector 34,Chandigarh
887,Chandigarh,Sector 36,Chandigarh
888,Chandigarh,Sector 37,Chandigarh
889,Chandigarh,Sector 38,Chandigarh
890,Chandigarh,Sector 40,Chandigarh
891,Chandigarh,Sector 41,Chandigarh
892,Chandigarh,Sector 44,Chandigarh
893,Chandigarh,Sector 45,Chandigarh
894,Chandigarh,Sector 46,Chandigarh
895,Chandigarh,Sector 47,Chandigarh
896,Chandigarh,Manimajra,Chandigarh
